[
    {
        "model": "admin.logentry",
        "pk": 1,
        "fields": {
            "action_time": "2021-09-29T16:18:39.729Z",
            "user": 1,
            "content_type": 12,
            "object_id": "1",
            "object_repr": "Cinematrix",
            "action_flag": 1,
            "change_message": "[{\"added\": {}}]"
        }
    },
    {
        "model": "admin.logentry",
        "pk": 2,
        "fields": {
            "action_time": "2021-09-29T16:19:50.260Z",
            "user": 1,
            "content_type": 12,
            "object_id": "2",
            "object_repr": "Open Air Field",
            "action_flag": 1,
            "change_message": "[{\"added\": {}}]"
        }
    },
    {
        "model": "admin.logentry",
        "pk": 3,
        "fields": {
            "action_time": "2021-09-29T16:25:34.878Z",
            "user": 1,
            "content_type": 12,
            "object_id": "2",
            "object_repr": "Open Air Field",
            "action_flag": 2,
            "change_message": "[]"
        }
    },
    {
        "model": "admin.logentry",
        "pk": 4,
        "fields": {
            "action_time": "2021-09-29T16:26:13.897Z",
            "user": 1,
            "content_type": 7,
            "object_id": "1",
            "object_repr": "Row object (1)",
            "action_flag": 1,
            "change_message": "[{\"added\": {}}, {\"added\": {\"name\": \"seat\", \"object\": \"Seat object (1)\"}}, {\"added\": {\"name\": \"seat\", \"object\": \"Seat object (2)\"}}, {\"added\": {\"name\": \"seat\", \"object\": \"Seat object (3)\"}}]"
        }
    },
    {
        "model": "admin.logentry",
        "pk": 5,
        "fields": {
            "action_time": "2021-09-29T16:26:19.422Z",
            "user": 1,
            "content_type": 7,
            "object_id": "2",
            "object_repr": "Row object (2)",
            "action_flag": 1,
            "change_message": "[{\"added\": {}}, {\"added\": {\"name\": \"seat\", \"object\": \"Seat object (4)\"}}, {\"added\": {\"name\": \"seat\", \"object\": \"Seat object (5)\"}}, {\"added\": {\"name\": \"seat\", \"object\": \"Seat object (6)\"}}]"
        }
    },
    {
        "model": "admin.logentry",
        "pk": 6,
        "fields": {
            "action_time": "2021-09-29T16:26:24.258Z",
            "user": 1,
            "content_type": 7,
            "object_id": "3",
            "object_repr": "Row object (3)",
            "action_flag": 1,
            "change_message": "[{\"added\": {}}, {\"added\": {\"name\": \"seat\", \"object\": \"Seat object (7)\"}}, {\"added\": {\"name\": \"seat\", \"object\": \"Seat object (8)\"}}, {\"added\": {\"name\": \"seat\", \"object\": \"Seat object (9)\"}}]"
        }
    },
    {
        "model": "admin.logentry",
        "pk": 7,
        "fields": {
            "action_time": "2021-09-29T16:27:01.186Z",
            "user": 1,
            "content_type": 12,
            "object_id": "1",
            "object_repr": "Cinematrix",
            "action_flag": 2,
            "change_message": "[]"
        }
    },
    {
        "model": "admin.logentry",
        "pk": 8,
        "fields": {
            "action_time": "2021-09-29T16:27:10.492Z",
            "user": 1,
            "content_type": 12,
            "object_id": "1",
            "object_repr": "Cinematrix",
            "action_flag": 2,
            "change_message": "[]"
        }
    },
    {
        "model": "admin.logentry",
        "pk": 9,
        "fields": {
            "action_time": "2021-09-29T16:28:09.947Z",
            "user": 1,
            "content_type": 7,
            "object_id": "4",
            "object_repr": "Row object (4)",
            "action_flag": 1,
            "change_message": "[{\"added\": {}}, {\"added\": {\"name\": \"seat\", \"object\": \"Seat object (10)\"}}, {\"added\": {\"name\": \"seat\", \"object\": \"Seat object (11)\"}}, {\"added\": {\"name\": \"seat\", \"object\": \"Seat object (12)\"}}, {\"added\": {\"name\": \"seat\", \"object\": \"Seat object (13)\"}}]"
        }
    },
    {
        "model": "admin.logentry",
        "pk": 10,
        "fields": {
            "action_time": "2021-09-29T16:28:19.068Z",
            "user": 1,
            "content_type": 7,
            "object_id": "5",
            "object_repr": "Row object (5)",
            "action_flag": 1,
            "change_message": "[{\"added\": {}}, {\"added\": {\"name\": \"seat\", \"object\": \"Seat object (14)\"}}, {\"added\": {\"name\": \"seat\", \"object\": \"Seat object (15)\"}}, {\"added\": {\"name\": \"seat\", \"object\": \"Seat object (16)\"}}]"
        }
    },
    {
        "model": "admin.logentry",
        "pk": 11,
        "fields": {
            "action_time": "2021-09-29T16:28:28.094Z",
            "user": 1,
            "content_type": 7,
            "object_id": "6",
            "object_repr": "Row object (6)",
            "action_flag": 1,
            "change_message": "[{\"added\": {}}, {\"added\": {\"name\": \"seat\", \"object\": \"Seat object (17)\"}}, {\"added\": {\"name\": \"seat\", \"object\": \"Seat object (18)\"}}, {\"added\": {\"name\": \"seat\", \"object\": \"Seat object (19)\"}}, {\"added\": {\"name\": \"seat\", \"object\": \"Seat object (20)\"}}]"
        }
    },
    {
        "model": "admin.logentry",
        "pk": 12,
        "fields": {
            "action_time": "2021-09-29T16:31:03.332Z",
            "user": 1,
            "content_type": 10,
            "object_id": "1",
            "object_repr": "OPEN_SOURCED",
            "action_flag": 1,
            "change_message": "[{\"added\": {}}]"
        }
    },
    {
        "model": "admin.logentry",
        "pk": 13,
        "fields": {
            "action_time": "2021-09-29T16:31:24.952Z",
            "user": 1,
            "content_type": 10,
            "object_id": "2",
            "object_repr": "CLOSE_SOURCED",
            "action_flag": 1,
            "change_message": "[{\"added\": {}}]"
        }
    },
    {
        "model": "admin.logentry",
        "pk": 14,
        "fields": {
            "action_time": "2021-09-29T16:32:14.685Z",
            "user": 1,
            "content_type": 10,
            "object_id": "3",
            "object_repr": "Matrix: Recompilations",
            "action_flag": 1,
            "change_message": "[{\"added\": {}}]"
        }
    },
    {
        "model": "admin.logentry",
        "pk": 15,
        "fields": {
            "action_time": "2021-09-29T16:33:26.284Z",
            "user": 1,
            "content_type": 4,
            "object_id": "2",
            "object_repr": "johnny",
            "action_flag": 1,
            "change_message": "[{\"added\": {}}]"
        }
    },
    {
        "model": "admin.logentry",
        "pk": 16,
        "fields": {
            "action_time": "2021-09-29T16:33:42.871Z",
            "user": 1,
            "content_type": 4,
            "object_id": "2",
            "object_repr": "johnny",
            "action_flag": 2,
            "change_message": "[{\"changed\": {\"fields\": [\"First name\", \"Last name\"]}}]"
        }
    },
    {
        "model": "admin.logentry",
        "pk": 17,
        "fields": {
            "action_time": "2021-09-29T16:52:58.594Z",
            "user": 1,
            "content_type": 9,
            "object_id": "1",
            "object_repr": "Ticket for seat 1 on Matrix: Recompilations",
            "action_flag": 1,
            "change_message": "[{\"added\": {}}]"
        }
    },
    {
        "model": "admin.logentry",
        "pk": 18,
        "fields": {
            "action_time": "2021-09-29T16:54:21.684Z",
            "user": 1,
            "content_type": 9,
            "object_id": "2",
            "object_repr": "Ticket for seat 2 on Matrix: Recompilations",
            "action_flag": 1,
            "change_message": "[{\"added\": {}}]"
        }
    },
    {
        "model": "admin.logentry",
        "pk": 19,
        "fields": {
            "action_time": "2021-09-29T16:54:25.717Z",
            "user": 1,
            "content_type": 9,
            "object_id": "3",
            "object_repr": "Ticket for seat 3 on Matrix: Recompilations",
            "action_flag": 1,
            "change_message": "[{\"added\": {}}]"
        }
    },
    {
        "model": "admin.logentry",
        "pk": 20,
        "fields": {
            "action_time": "2021-09-29T16:54:29.838Z",
            "user": 1,
            "content_type": 9,
            "object_id": "4",
            "object_repr": "Ticket for seat 4 on Matrix: Recompilations",
            "action_flag": 1,
            "change_message": "[{\"added\": {}}]"
        }
    },
    {
        "model": "admin.logentry",
        "pk": 21,
        "fields": {
            "action_time": "2021-09-29T16:54:33.584Z",
            "user": 1,
            "content_type": 9,
            "object_id": "5",
            "object_repr": "Ticket for seat 5 on Matrix: Recompilations",
            "action_flag": 1,
            "change_message": "[{\"added\": {}}]"
        }
    },
    {
        "model": "admin.logentry",
        "pk": 22,
        "fields": {
            "action_time": "2021-09-29T16:54:38.957Z",
            "user": 1,
            "content_type": 9,
            "object_id": "6",
            "object_repr": "Ticket for seat 6 on Matrix: Recompilations",
            "action_flag": 1,
            "change_message": "[{\"added\": {}}]"
        }
    },
    {
        "model": "admin.logentry",
        "pk": 23,
        "fields": {
            "action_time": "2021-09-29T16:54:42.763Z",
            "user": 1,
            "content_type": 9,
            "object_id": "7",
            "object_repr": "Ticket for seat 7 on Matrix: Recompilations",
            "action_flag": 1,
            "change_message": "[{\"added\": {}}]"
        }
    },
    {
        "model": "admin.logentry",
        "pk": 24,
        "fields": {
            "action_time": "2021-09-29T16:54:45.825Z",
            "user": 1,
            "content_type": 9,
            "object_id": "8",
            "object_repr": "Ticket for seat 8 on Matrix: Recompilations",
            "action_flag": 1,
            "change_message": "[{\"added\": {}}]"
        }
    },
    {
        "model": "admin.logentry",
        "pk": 25,
        "fields": {
            "action_time": "2021-09-29T16:54:49.368Z",
            "user": 1,
            "content_type": 9,
            "object_id": "9",
            "object_repr": "Ticket for seat 9 on Matrix: Recompilations",
            "action_flag": 1,
            "change_message": "[{\"added\": {}}]"
        }
    },
    {
        "model": "admin.logentry",
        "pk": 26,
        "fields": {
            "action_time": "2021-09-29T16:56:00.139Z",
            "user": 1,
            "content_type": 11,
            "object_id": "2",
            "object_repr": "Reservation for 1 ticket(s) by johnny for Matrix: Recompilations",
            "action_flag": 1,
            "change_message": "[{\"added\": {}}]"
        }
    },
    {
        "model": "admin.logentry",
        "pk": 27,
        "fields": {
            "action_time": "2021-09-29T16:56:06.312Z",
            "user": 1,
            "content_type": 11,
            "object_id": "3",
            "object_repr": "Reservation for 1 ticket(s) by johnny for Matrix: Recompilations",
            "action_flag": 1,
            "change_message": "[{\"added\": {}}]"
        }
    },
    {
        "model": "admin.logentry",
        "pk": 28,
        "fields": {
            "action_time": "2021-09-29T16:56:16.845Z",
            "user": 1,
            "content_type": 9,
            "object_id": "9",
            "object_repr": "Ticket for seat 9 on Matrix: Recompilations",
            "action_flag": 2,
            "change_message": "[{\"changed\": {\"fields\": [\"Reservation\"]}}]"
        }
    },
    {
        "model": "admin.logentry",
        "pk": 29,
        "fields": {
            "action_time": "2021-09-29T16:56:20.417Z",
            "user": 1,
            "content_type": 9,
            "object_id": "8",
            "object_repr": "Ticket for seat 8 on Matrix: Recompilations",
            "action_flag": 2,
            "change_message": "[{\"changed\": {\"fields\": [\"Reservation\"]}}]"
        }
    },
    {
        "model": "admin.logentry",
        "pk": 30,
        "fields": {
            "action_time": "2021-09-29T16:56:25.317Z",
            "user": 1,
            "content_type": 9,
            "object_id": "5",
            "object_repr": "Ticket for seat 5 on Matrix: Recompilations",
            "action_flag": 2,
            "change_message": "[{\"changed\": {\"fields\": [\"Reservation\"]}}]"
        }
    },
    {
        "model": "auth.permission",
        "pk": 1,
        "fields": {
            "name": "Can add log entry",
            "content_type": 1,
            "codename": "add_logentry"
        }
    },
    {
        "model": "auth.permission",
        "pk": 2,
        "fields": {
            "name": "Can change log entry",
            "content_type": 1,
            "codename": "change_logentry"
        }
    },
    {
        "model": "auth.permission",
        "pk": 3,
        "fields": {
            "name": "Can delete log entry",
            "content_type": 1,
            "codename": "delete_logentry"
        }
    },
    {
        "model": "auth.permission",
        "pk": 4,
        "fields": {
            "name": "Can view log entry",
            "content_type": 1,
            "codename": "view_logentry"
        }
    },
    {
        "model": "auth.permission",
        "pk": 5,
        "fields": {
            "name": "Can add permission",
            "content_type": 2,
            "codename": "add_permission"
        }
    },
    {
        "model": "auth.permission",
        "pk": 6,
        "fields": {
            "name": "Can change permission",
            "content_type": 2,
            "codename": "change_permission"
        }
    },
    {
        "model": "auth.permission",
        "pk": 7,
        "fields": {
            "name": "Can delete permission",
            "content_type": 2,
            "codename": "delete_permission"
        }
    },
    {
        "model": "auth.permission",
        "pk": 8,
        "fields": {
            "name": "Can view permission",
            "content_type": 2,
            "codename": "view_permission"
        }
    },
    {
        "model": "auth.permission",
        "pk": 9,
        "fields": {
            "name": "Can add group",
            "content_type": 3,
            "codename": "add_group"
        }
    },
    {
        "model": "auth.permission",
        "pk": 10,
        "fields": {
            "name": "Can change group",
            "content_type": 3,
            "codename": "change_group"
        }
    },
    {
        "model": "auth.permission",
        "pk": 11,
        "fields": {
            "name": "Can delete group",
            "content_type": 3,
            "codename": "delete_group"
        }
    },
    {
        "model": "auth.permission",
        "pk": 12,
        "fields": {
            "name": "Can view group",
            "content_type": 3,
            "codename": "view_group"
        }
    },
    {
        "model": "auth.permission",
        "pk": 13,
        "fields": {
            "name": "Can add user",
            "content_type": 4,
            "codename": "add_user"
        }
    },
    {
        "model": "auth.permission",
        "pk": 14,
        "fields": {
            "name": "Can change user",
            "content_type": 4,
            "codename": "change_user"
        }
    },
    {
        "model": "auth.permission",
        "pk": 15,
        "fields": {
            "name": "Can delete user",
            "content_type": 4,
            "codename": "delete_user"
        }
    },
    {
        "model": "auth.permission",
        "pk": 16,
        "fields": {
            "name": "Can view user",
            "content_type": 4,
            "codename": "view_user"
        }
    },
    {
        "model": "auth.permission",
        "pk": 17,
        "fields": {
            "name": "Can add content type",
            "content_type": 5,
            "codename": "add_contenttype"
        }
    },
    {
        "model": "auth.permission",
        "pk": 18,
        "fields": {
            "name": "Can change content type",
            "content_type": 5,
            "codename": "change_contenttype"
        }
    },
    {
        "model": "auth.permission",
        "pk": 19,
        "fields": {
            "name": "Can delete content type",
            "content_type": 5,
            "codename": "delete_contenttype"
        }
    },
    {
        "model": "auth.permission",
        "pk": 20,
        "fields": {
            "name": "Can view content type",
            "content_type": 5,
            "codename": "view_contenttype"
        }
    },
    {
        "model": "auth.permission",
        "pk": 21,
        "fields": {
            "name": "Can add session",
            "content_type": 6,
            "codename": "add_session"
        }
    },
    {
        "model": "auth.permission",
        "pk": 22,
        "fields": {
            "name": "Can change session",
            "content_type": 6,
            "codename": "change_session"
        }
    },
    {
        "model": "auth.permission",
        "pk": 23,
        "fields": {
            "name": "Can delete session",
            "content_type": 6,
            "codename": "delete_session"
        }
    },
    {
        "model": "auth.permission",
        "pk": 24,
        "fields": {
            "name": "Can view session",
            "content_type": 6,
            "codename": "view_session"
        }
    },
    {
        "model": "auth.permission",
        "pk": 25,
        "fields": {
            "name": "Can add row",
            "content_type": 7,
            "codename": "add_row"
        }
    },
    {
        "model": "auth.permission",
        "pk": 26,
        "fields": {
            "name": "Can change row",
            "content_type": 7,
            "codename": "change_row"
        }
    },
    {
        "model": "auth.permission",
        "pk": 27,
        "fields": {
            "name": "Can delete row",
            "content_type": 7,
            "codename": "delete_row"
        }
    },
    {
        "model": "auth.permission",
        "pk": 28,
        "fields": {
            "name": "Can view row",
            "content_type": 7,
            "codename": "view_row"
        }
    },
    {
        "model": "auth.permission",
        "pk": 29,
        "fields": {
            "name": "Can add seat",
            "content_type": 8,
            "codename": "add_seat"
        }
    },
    {
        "model": "auth.permission",
        "pk": 30,
        "fields": {
            "name": "Can change seat",
            "content_type": 8,
            "codename": "change_seat"
        }
    },
    {
        "model": "auth.permission",
        "pk": 31,
        "fields": {
            "name": "Can delete seat",
            "content_type": 8,
            "codename": "delete_seat"
        }
    },
    {
        "model": "auth.permission",
        "pk": 32,
        "fields": {
            "name": "Can view seat",
            "content_type": 8,
            "codename": "view_seat"
        }
    },
    {
        "model": "auth.permission",
        "pk": 33,
        "fields": {
            "name": "Can add ticket",
            "content_type": 9,
            "codename": "add_ticket"
        }
    },
    {
        "model": "auth.permission",
        "pk": 34,
        "fields": {
            "name": "Can change ticket",
            "content_type": 9,
            "codename": "change_ticket"
        }
    },
    {
        "model": "auth.permission",
        "pk": 35,
        "fields": {
            "name": "Can delete ticket",
            "content_type": 9,
            "codename": "delete_ticket"
        }
    },
    {
        "model": "auth.permission",
        "pk": 36,
        "fields": {
            "name": "Can view ticket",
            "content_type": 9,
            "codename": "view_ticket"
        }
    },
    {
        "model": "auth.permission",
        "pk": 37,
        "fields": {
            "name": "Can add event",
            "content_type": 10,
            "codename": "add_event"
        }
    },
    {
        "model": "auth.permission",
        "pk": 38,
        "fields": {
            "name": "Can change event",
            "content_type": 10,
            "codename": "change_event"
        }
    },
    {
        "model": "auth.permission",
        "pk": 39,
        "fields": {
            "name": "Can delete event",
            "content_type": 10,
            "codename": "delete_event"
        }
    },
    {
        "model": "auth.permission",
        "pk": 40,
        "fields": {
            "name": "Can view event",
            "content_type": 10,
            "codename": "view_event"
        }
    },
    {
        "model": "auth.permission",
        "pk": 41,
        "fields": {
            "name": "Can add reservation",
            "content_type": 11,
            "codename": "add_reservation"
        }
    },
    {
        "model": "auth.permission",
        "pk": 42,
        "fields": {
            "name": "Can change reservation",
            "content_type": 11,
            "codename": "change_reservation"
        }
    },
    {
        "model": "auth.permission",
        "pk": 43,
        "fields": {
            "name": "Can delete reservation",
            "content_type": 11,
            "codename": "delete_reservation"
        }
    },
    {
        "model": "auth.permission",
        "pk": 44,
        "fields": {
            "name": "Can view reservation",
            "content_type": 11,
            "codename": "view_reservation"
        }
    },
    {
        "model": "auth.permission",
        "pk": 45,
        "fields": {
            "name": "Can add location",
            "content_type": 12,
            "codename": "add_location"
        }
    },
    {
        "model": "auth.permission",
        "pk": 46,
        "fields": {
            "name": "Can change location",
            "content_type": 12,
            "codename": "change_location"
        }
    },
    {
        "model": "auth.permission",
        "pk": 47,
        "fields": {
            "name": "Can delete location",
            "content_type": 12,
            "codename": "delete_location"
        }
    },
    {
        "model": "auth.permission",
        "pk": 48,
        "fields": {
            "name": "Can view location",
            "content_type": 12,
            "codename": "view_location"
        }
    },
    {
        "model": "auth.user",
        "pk": 2,
        "fields": {
            "password": "pbkdf2_sha256$260000$79rzXf25WhHD12gjHQysKi$dqum57GM5B9StcSBGvbfNJOnPB0lk3CJXwOvjfURbNM=",
            "last_login": null,
            "is_superuser": false,
            "username": "johnny",
            "first_name": "Johnny",
            "last_name": "Johnny",
            "email": "",
            "is_staff": false,
            "is_active": true,
            "date_joined": "2021-09-29T16:33:26Z",
            "groups": [],
            "user_permissions": []
        }
    },
    {
        "model": "contenttypes.contenttype",
        "pk": 1,
        "fields": {
            "app_label": "admin",
            "model": "logentry"
        }
    },
    {
        "model": "contenttypes.contenttype",
        "pk": 2,
        "fields": {
            "app_label": "auth",
            "model": "permission"
        }
    },
    {
        "model": "contenttypes.contenttype",
        "pk": 3,
        "fields": {
            "app_label": "auth",
            "model": "group"
        }
    },
    {
        "model": "contenttypes.contenttype",
        "pk": 4,
        "fields": {
            "app_label": "auth",
            "model": "user"
        }
    },
    {
        "model": "contenttypes.contenttype",
        "pk": 5,
        "fields": {
            "app_label": "contenttypes",
            "model": "contenttype"
        }
    },
    {
        "model": "contenttypes.contenttype",
        "pk": 6,
        "fields": {
            "app_label": "sessions",
            "model": "session"
        }
    },
    {
        "model": "contenttypes.contenttype",
        "pk": 7,
        "fields": {
            "app_label": "api",
            "model": "row"
        }
    },
    {
        "model": "contenttypes.contenttype",
        "pk": 8,
        "fields": {
            "app_label": "api",
            "model": "seat"
        }
    },
    {
        "model": "contenttypes.contenttype",
        "pk": 9,
        "fields": {
            "app_label": "api",
            "model": "ticket"
        }
    },
    {
        "model": "contenttypes.contenttype",
        "pk": 10,
        "fields": {
            "app_label": "api",
            "model": "event"
        }
    },
    {
        "model": "contenttypes.contenttype",
        "pk": 11,
        "fields": {
            "app_label": "api",
            "model": "reservation"
        }
    },
    {
        "model": "contenttypes.contenttype",
        "pk": 12,
        "fields": {
            "app_label": "api",
            "model": "location"
        }
    },
    {
        "model": "sessions.session",
        "pk": "s0rnt4btzc9wuv2nbf3f4oha82xe37rj",
        "fields": {
            "session_data": ".eJxVjEEOwiAURO_C2hApIOjSvWdo5sP_UjUlKe3KeHfbpAvdznvz3qrHMpd-aTz1Q1YXZdThdyOkJ48byA-M96pTHedpIL0peqdN32rm13V3_wIFraxvjmRD6mwSYXEW7BOOcJYFMZvE7J2sNWIXzh4nIpiOM6JAyAV49fkCOGw6Yg:1mVcGs:lKpvaSAbOCrqXjJT2aVHxpotibFX-6HLVZ5N2T-8WW8",
            "expire_date": "2021-10-13T16:17:26.475Z"
        }
    },
    {
        "model": "api.location",
        "pk": 1,
        "fields": {
            "address": "ul. Kiereszowskiego 42, Stare Jabłonki",
            "name": "Cinematrix"
        }
    },
    {
        "model": "api.location",
        "pk": 2,
        "fields": {
            "address": "al. Dobrego API 3, Nowe Miasto",
            "name": "Open Air Field"
        }
    },
    {
        "model": "api.row",
        "pk": 1,
        "fields": {
            "location": 1
        }
    },
    {
        "model": "api.row",
        "pk": 2,
        "fields": {
            "location": 1
        }
    },
    {
        "model": "api.row",
        "pk": 3,
        "fields": {
            "location": 1
        }
    },
    {
        "model": "api.row",
        "pk": 4,
        "fields": {
            "location": 2
        }
    },
    {
        "model": "api.row",
        "pk": 5,
        "fields": {
            "location": 2
        }
    },
    {
        "model": "api.row",
        "pk": 6,
        "fields": {
            "location": 2
        }
    },
    {
        "model": "api.seat",
        "pk": 1,
        "fields": {
            "number": "1",
            "row": 1
        }
    },
    {
        "model": "api.seat",
        "pk": 2,
        "fields": {
            "number": "2",
            "row": 1
        }
    },
    {
        "model": "api.seat",
        "pk": 3,
        "fields": {
            "number": "3",
            "row": 1
        }
    },
    {
        "model": "api.seat",
        "pk": 4,
        "fields": {
            "number": "4",
            "row": 2
        }
    },
    {
        "model": "api.seat",
        "pk": 5,
        "fields": {
            "number": "5",
            "row": 2
        }
    },
    {
        "model": "api.seat",
        "pk": 6,
        "fields": {
            "number": "6",
            "row": 2
        }
    },
    {
        "model": "api.seat",
        "pk": 7,
        "fields": {
            "number": "7",
            "row": 3
        }
    },
    {
        "model": "api.seat",
        "pk": 8,
        "fields": {
            "number": "8",
            "row": 3
        }
    },
    {
        "model": "api.seat",
        "pk": 9,
        "fields": {
            "number": "9",
            "row": 3
        }
    },
    {
        "model": "api.seat",
        "pk": 10,
        "fields": {
            "number": "1",
            "row": 4
        }
    },
    {
        "model": "api.seat",
        "pk": 11,
        "fields": {
            "number": "2",
            "row": 4
        }
    },
    {
        "model": "api.seat",
        "pk": 12,
        "fields": {
            "number": "3",
            "row": 4
        }
    },
    {
        "model": "api.seat",
        "pk": 13,
        "fields": {
            "number": "4",
            "row": 4
        }
    },
    {
        "model": "api.seat",
        "pk": 14,
        "fields": {
            "number": "5",
            "row": 5
        }
    },
    {
        "model": "api.seat",
        "pk": 15,
        "fields": {
            "number": "6",
            "row": 5
        }
    },
    {
        "model": "api.seat",
        "pk": 16,
        "fields": {
            "number": "7",
            "row": 5
        }
    },
    {
        "model": "api.seat",
        "pk": 17,
        "fields": {
            "number": "8",
            "row": 6
        }
    },
    {
        "model": "api.seat",
        "pk": 18,
        "fields": {
            "number": "9",
            "row": 6
        }
    },
    {
        "model": "api.seat",
        "pk": 19,
        "fields": {
            "number": "10",
            "row": 6
        }
    },
    {
        "model": "api.seat",
        "pk": 20,
        "fields": {
            "number": "11",
            "row": 6
        }
    },
    {
        "model": "api.event",
        "pk": 1,
        "fields": {
            "name": "OPEN_SOURCED",
            "details": "The movie about the Open Source Software history.",
            "location": 2,
            "reservation_constraint": "EV"
        }
    },
    {
        "model": "api.event",
        "pk": 2,
        "fields": {
            "name": "CLOSE_SOURCED",
            "details": "The movie about the history of closed-source software.",
            "location": 2,
            "reservation_constraint": "AT"
        }
    },
    {
        "model": "api.event",
        "pk": 3,
        "fields": {
            "name": "Matrix: Recompilations",
            "details": "In this episode, Neo is recompiling the code of the Matrix. Movie length: 42 days.",
            "location": 1,
            "reservation_constraint": "AT"
        }
    },
    {
        "model": "api.reservation",
        "pk": 2,
        "fields": {
            "event": 3,
            "user": 2,
            "reservation_time": "2021-09-29T16:56:00.134Z",
            "is_paid": false,
            "date": "2021-09-29T16:55:58Z"
        }
    },
    {
        "model": "api.reservation",
        "pk": 3,
        "fields": {
            "event": 3,
            "user": 2,
            "reservation_time": "2021-09-29T16:56:06.309Z",
            "is_paid": true,
            "date": "2021-09-29T16:56:04Z"
        }
    },
    {
        "model": "api.ticket",
        "pk": 1,
        "fields": {
            "event": 3,
            "reservation": null,
            "cost": "10.00",
            "seat": 1
        }
    },
    {
        "model": "api.ticket",
        "pk": 2,
        "fields": {
            "event": 3,
            "reservation": null,
            "cost": "10.00",
            "seat": 2
        }
    },
    {
        "model": "api.ticket",
        "pk": 3,
        "fields": {
            "event": 3,
            "reservation": null,
            "cost": "10.00",
            "seat": 3
        }
    },
    {
        "model": "api.ticket",
        "pk": 4,
        "fields": {
            "event": 3,
            "reservation": null,
            "cost": "10.00",
            "seat": 4
        }
    },
    {
        "model": "api.ticket",
        "pk": 5,
        "fields": {
            "event": 3,
            "reservation": 3,
            "cost": "10.00",
            "seat": 5
        }
    },
    {
        "model": "api.ticket",
        "pk": 6,
        "fields": {
            "event": 3,
            "reservation": null,
            "cost": "15.00",
            "seat": 6
        }
    },
    {
        "model": "api.ticket",
        "pk": 7,
        "fields": {
            "event": 3,
            "reservation": null,
            "cost": "15.00",
            "seat": 7
        }
    },
    {
        "model": "api.ticket",
        "pk": 8,
        "fields": {
            "event": 3,
            "reservation": 2,
            "cost": "15.00",
            "seat": 8
        }
    },
    {
        "model": "api.ticket",
        "pk": 9,
        "fields": {
            "event": 3,
            "reservation": 2,
            "cost": "15.00",
            "seat": 9
        }
    }
]