[
    {
        "model": "auth.user",
        "pk": 2,
        "fields": {
            "password": "pbkdf2_sha256$260000$79rzXf25WhHD12gjHQysKi$dqum57GM5B9StcSBGvbfNJOnPB0lk3CJXwOvjfURbNM=",
            "last_login": null,
            "is_superuser": false,
            "username": "johnny",
            "first_name": "Johnny",
            "last_name": "Johnny",
            "email": "",
            "is_staff": false,
            "is_active": true,
            "date_joined": "2021-09-29T16:33:26Z",
            "groups": [],
            "user_permissions": []
        }
    },
    {
        "model": "api.location",
        "pk": 1,
        "fields": {
            "address": "ul. Kiereszowskiego 42, Stare Jabłonki",
            "name": "Cinematrix"
        }
    },
    {
        "model": "api.location",
        "pk": 2,
        "fields": {
            "address": "al. Dobrego API 3, Nowe Miasto",
            "name": "Open Air Field"
        }
    },
    {
        "model": "api.row",
        "pk": 1,
        "fields": {
            "location": 1
        }
    },
    {
        "model": "api.row",
        "pk": 2,
        "fields": {
            "location": 1
        }
    },
    {
        "model": "api.row",
        "pk": 3,
        "fields": {
            "location": 1
        }
    },
    {
        "model": "api.row",
        "pk": 4,
        "fields": {
            "location": 2
        }
    },
    {
        "model": "api.row",
        "pk": 5,
        "fields": {
            "location": 2
        }
    },
    {
        "model": "api.row",
        "pk": 6,
        "fields": {
            "location": 2
        }
    },
    {
        "model": "api.seat",
        "pk": 1,
        "fields": {
            "number": "1",
            "row": 1
        }
    },
    {
        "model": "api.seat",
        "pk": 2,
        "fields": {
            "number": "2",
            "row": 1
        }
    },
    {
        "model": "api.seat",
        "pk": 3,
        "fields": {
            "number": "3",
            "row": 1
        }
    },
    {
        "model": "api.seat",
        "pk": 4,
        "fields": {
            "number": "4",
            "row": 2
        }
    },
    {
        "model": "api.seat",
        "pk": 5,
        "fields": {
            "number": "5",
            "row": 2
        }
    },
    {
        "model": "api.seat",
        "pk": 6,
        "fields": {
            "number": "6",
            "row": 2
        }
    },
    {
        "model": "api.seat",
        "pk": 7,
        "fields": {
            "number": "7",
            "row": 3
        }
    },
    {
        "model": "api.seat",
        "pk": 8,
        "fields": {
            "number": "8",
            "row": 3
        }
    },
    {
        "model": "api.seat",
        "pk": 9,
        "fields": {
            "number": "9",
            "row": 3
        }
    },
    {
        "model": "api.seat",
        "pk": 10,
        "fields": {
            "number": "1",
            "row": 4
        }
    },
    {
        "model": "api.seat",
        "pk": 11,
        "fields": {
            "number": "2",
            "row": 4
        }
    },
    {
        "model": "api.seat",
        "pk": 12,
        "fields": {
            "number": "3",
            "row": 4
        }
    },
    {
        "model": "api.seat",
        "pk": 13,
        "fields": {
            "number": "4",
            "row": 4
        }
    },
    {
        "model": "api.seat",
        "pk": 14,
        "fields": {
            "number": "5",
            "row": 5
        }
    },
    {
        "model": "api.seat",
        "pk": 15,
        "fields": {
            "number": "6",
            "row": 5
        }
    },
    {
        "model": "api.seat",
        "pk": 16,
        "fields": {
            "number": "7",
            "row": 5
        }
    },
    {
        "model": "api.seat",
        "pk": 17,
        "fields": {
            "number": "8",
            "row": 6
        }
    },
    {
        "model": "api.seat",
        "pk": 18,
        "fields": {
            "number": "9",
            "row": 6
        }
    },
    {
        "model": "api.seat",
        "pk": 19,
        "fields": {
            "number": "10",
            "row": 6
        }
    },
    {
        "model": "api.seat",
        "pk": 20,
        "fields": {
            "number": "11",
            "row": 6
        }
    },
    {
        "model": "api.event",
        "pk": 1,
        "fields": {
            "name": "OPEN_SOURCED",
            "details": "The movie about the Open Source Software history.",
            "location": 2,
            "date": "2021-10-02T08:17:23.256Z",
            "reservation_constraint": "EV"
        }
    },
    {
        "model": "api.event",
        "pk": 2,
        "fields": {
            "name": "CLOSE_SOURCED",
            "details": "The movie about the history of closed-source software.",
            "location": 2,
            "date": "2021-10-02T08:17:23.256Z",
            "reservation_constraint": "AT"
        }
    },
    {
        "model": "api.event",
        "pk": 3,
        "fields": {
            "name": "Matrix: Recompilations",
            "details": "In this episode, Neo is recompiling the code of the Matrix. Movie length: 42 days.",
            "location": 1,
            "date": "2021-10-02T08:17:23.256Z",
            "reservation_constraint": "AT"
        }
    },
    {
        "model": "api.reservation",
        "pk": 2,
        "fields": {
            "event": 3,
            "user": [
                "johnny"
            ],
            "reservation_time": "2021-09-29T16:56:00.134Z",
            "is_paid": false
        }
    },
    {
        "model": "api.reservation",
        "pk": 3,
        "fields": {
            "event": 3,
            "user": [
                "johnny"
            ],
            "reservation_time": "2021-09-29T16:56:06.309Z",
            "is_paid": true
        }
    },
    {
        "model": "api.ticket",
        "pk": 1,
        "fields": {
            "event": 3,
            "reservation": null,
            "cost": "10.00",
            "seat": 1
        }
    },
    {
        "model": "api.ticket",
        "pk": 2,
        "fields": {
            "event": 3,
            "reservation": null,
            "cost": "10.00",
            "seat": 2
        }
    },
    {
        "model": "api.ticket",
        "pk": 3,
        "fields": {
            "event": 3,
            "reservation": null,
            "cost": "10.00",
            "seat": 3
        }
    },
    {
        "model": "api.ticket",
        "pk": 4,
        "fields": {
            "event": 3,
            "reservation": null,
            "cost": "10.00",
            "seat": 4
        }
    },
    {
        "model": "api.ticket",
        "pk": 5,
        "fields": {
            "event": 3,
            "reservation": 3,
            "cost": "10.00",
            "seat": 5
        }
    },
    {
        "model": "api.ticket",
        "pk": 6,
        "fields": {
            "event": 3,
            "reservation": null,
            "cost": "15.00",
            "seat": 6
        }
    },
    {
        "model": "api.ticket",
        "pk": 7,
        "fields": {
            "event": 3,
            "reservation": null,
            "cost": "15.00",
            "seat": 7
        }
    },
    {
        "model": "api.ticket",
        "pk": 8,
        "fields": {
            "event": 3,
            "reservation": 2,
            "cost": "15.00",
            "seat": 8
        }
    },
    {
        "model": "api.ticket",
        "pk": 9,
        "fields": {
            "event": 3,
            "reservation": 2,
            "cost": "15.00",
            "seat": 9
        }
    }
]